Date,BOS,CHI,CLE,DEN,HOU,LA,MIA,NYC,SF,SEA
5-Jun-00,,1.99,,1.534,1.529,1.591,,1.654,1.805,
12-Jun-00,,2.134,,1.576,1.557,1.587,,1.693,1.812,
19-Jun-00,,2.148,,1.65,1.591,1.583,,1.731,1.816,
26-Jun-00,,2.029,,1.686,1.602,1.607,,1.748,1.831,
3-Jul-00,,1.829,,1.679,1.592,1.648,,1.755,1.883,
10-Jul-00,,1.73,,1.669,1.587,1.667,,1.752,1.906,
17-Jul-00,,1.617,,1.656,1.58,1.654,,1.748,1.91,
24-Jul-00,,1.489,,1.637,1.572,1.64,,1.736,1.911,
31-Jul-00,,1.391,,1.61,1.567,1.615,,1.715,1.897,
7-Aug-00,,1.396,,1.578,1.538,1.589,,1.702,1.888,
14-Aug-00,,1.365,,1.548,1.508,1.584,,1.686,1.884,
21-Aug-00,,1.408,,1.529,1.489,1.567,,1.679,1.902,
28-Aug-00,,1.446,,1.523,1.496,1.618,,1.671,1.926,
4-Sep-00,,1.584,,1.516,1.494,1.698,,1.672,1.961,
11-Sep-00,,1.574,,1.613,1.499,1.741,,1.68,2.018,
18-Sep-00,,1.546,,1.616,1.497,1.739,,1.676,2.011,
25-Sep-00,,1.536,,1.603,1.479,1.73,,1.673,2.007,
2-Oct-00,,1.511,,1.581,1.48,1.768,,1.663,2,
9-Oct-00,,1.483,,1.562,1.461,1.759,,1.653,2.002,
16-Oct-00,,1.594,,1.551,1.463,1.743,,1.658,1.997,
23-Oct-00,,1.555,,1.572,1.465,1.727,,1.66,1.992,
30-Oct-00,,1.612,,1.598,1.456,1.733,,1.661,1.989,
6-Nov-00,,1.585,,1.593,1.444,1.724,,1.659,1.984,
13-Nov-00,,1.55,,1.587,1.447,1.705,,1.65,1.975,
20-Nov-00,,1.581,,1.578,1.438,1.675,,1.649,1.958,
27-Nov-00,,1.551,,1.573,1.439,1.665,,1.646,1.949,
4-Dec-00,,1.523,,1.56,1.428,1.658,,1.64,1.931,
11-Dec-00,,1.492,,1.553,1.411,1.624,,1.628,1.908,
18-Dec-00,,1.462,,1.538,1.381,1.607,,1.609,1.883,
25-Dec-00,,1.455,,1.521,1.366,1.617,,1.596,1.851,
1-Jan-01,,1.524,,1.488,1.39,1.587,,1.587,1.837,
8-Jan-01,,1.516,,1.466,1.384,1.587,,1.575,1.817,
15-Jan-01,,1.607,,1.469,1.429,1.561,,1.566,1.79,
22-Jan-01,,1.585,,1.474,1.448,1.533,,1.561,1.781,
29-Jan-01,,1.58,,1.486,1.431,1.502,,1.559,1.77,
5-Feb-01,,1.541,,1.517,1.416,1.553,,1.556,1.766,
12-Feb-01,,1.564,,1.514,1.429,1.608,,1.557,1.794,
19-Feb-01,,1.517,,1.504,1.425,1.632,,1.558,1.811,
26-Feb-01,,1.466,,1.494,1.411,1.633,,1.55,1.813,
5-Mar-01,,1.447,,1.47,1.374,1.663,,1.541,1.842,
12-Mar-01,,1.414,,1.46,1.371,1.666,,1.532,1.848,
19-Mar-01,,1.448,,1.456,1.375,1.652,,1.524,1.857,
26-Mar-01,,1.397,,1.456,1.403,1.64,,1.509,1.856,
2-Apr-01,,1.56,,1.551,1.446,1.684,,1.517,1.891,
9-Apr-01,,1.684,,1.551,1.499,1.716,,1.544,1.946,
16-Apr-01,,1.667,,1.554,1.597,1.737,,1.602,1.999,
23-Apr-01,,1.892,,1.684,1.616,1.784,,1.667,2.004,
30-Apr-01,,1.873,,1.676,1.635,1.827,,1.72,2.046,
7-May-01,,2.011,,1.781,1.657,1.966,,1.772,2.064,
14-May-01,,2.088,,1.788,1.673,2.02,,1.806,2.031,
21-May-01,,2.017,,1.776,1.643,2.024,,1.808,2.072,
28-May-01,,1.972,,1.78,1.633,2.017,,1.844,2.087,
4-Jun-01,,1.934,,1.81,1.601,1.984,,1.844,2.078,
11-Jun-01,,1.843,,1.789,1.573,1.999,,1.829,2.078,
18-Jun-01,,1.741,,1.769,1.556,1.988,,1.809,2.057,
25-Jun-01,,1.614,,1.731,1.53,1.954,,1.791,2.03,
2-Jul-01,,1.479,,1.677,1.471,1.92,,1.759,1.996,
9-Jul-01,,1.389,,1.627,1.406,1.875,,1.735,1.977,
16-Jul-01,,1.344,,1.568,1.376,1.824,,1.709,1.94,
23-Jul-01,,1.459,,1.497,1.347,1.76,,1.671,1.892,
30-Jul-01,,1.41,,1.428,1.327,1.709,,1.64,1.84,
6-Aug-01,,1.482,,1.395,1.307,1.634,,1.61,1.796,
13-Aug-01,,1.562,,1.375,1.315,1.592,,1.608,1.729,
20-Aug-01,,1.692,,1.491,1.345,1.532,,1.592,1.71,
27-Aug-01,,1.822,,1.628,1.347,1.524,,1.574,1.724,
3-Sep-01,,1.921,,1.683,1.377,1.605,,1.561,1.864,
10-Sep-01,,1.872,,1.664,1.394,1.644,,1.558,1.889,
17-Sep-01,,1.831,,1.65,1.422,1.626,,1.552,1.878,
24-Sep-01,,1.77,,1.629,1.411,1.61,,1.543,1.864,
1-Oct-01,,1.679,,1.584,1.372,1.57,,1.514,1.842,
8-Oct-01,,1.546,,1.534,1.319,1.509,,1.478,1.811,
15-Oct-01,,1.461,,1.492,1.281,1.473,,1.454,1.786,
22-Oct-01,,1.358,,1.416,1.23,1.422,,1.423,1.747,
29-Oct-01,,1.288,,1.362,1.205,1.378,,1.394,1.731,
5-Nov-01,,1.238,,1.293,1.149,1.319,,1.357,1.694,
12-Nov-01,,1.312,,1.239,1.116,1.275,,1.327,1.657,
19-Nov-01,,1.276,,1.197,1.095,1.226,,1.298,1.623,
26-Nov-01,,1.217,,1.166,1.049,1.187,,1.273,1.573,
3-Dec-01,,1.222,,1.121,1.035,1.145,,1.244,1.513,
10-Dec-01,,1.238,,1.088,1.021,1.098,,1.221,1.465,
17-Dec-01,,1.143,,1.064,1.015,1.047,,1.195,1.396,
24-Dec-01,,1.178,,1.092,1.018,1.024,,1.188,1.344,
31-Dec-01,,1.237,,1.096,1.037,1.011,,1.181,1.322,
7-Jan-02,,1.218,,1.088,1.064,1.068,,1.194,1.323,
14-Jan-02,,1.134,,1.154,1.068,1.152,,1.215,1.345,
21-Jan-02,,1.13,,1.153,1.055,1.203,,1.213,1.324,
28-Jan-02,,1.128,,1.137,1.044,1.243,,1.212,1.313,
4-Feb-02,,1.147,,1.125,1.054,1.281,,1.206,1.293,
11-Feb-02,,1.122,,1.116,1.066,1.283,,1.207,1.285,
18-Feb-02,,1.169,,1.11,1.1,1.323,,1.206,1.319,
25-Feb-02,,1.168,,1.187,1.086,1.326,,1.212,1.353,
4-Mar-02,,1.233,,1.183,1.087,1.351,,1.213,1.39,
11-Mar-02,,1.315,,1.201,1.195,1.488,,1.252,1.487,
18-Mar-02,,1.415,,1.276,1.265,1.532,,1.318,1.552,
25-Mar-02,,1.523,,1.396,1.335,1.588,,1.385,1.619,
1-Apr-02,,1.505,,1.395,1.356,1.613,,1.421,1.678,
8-Apr-02,,1.606,,1.402,1.402,1.629,,1.452,1.719,
15-Apr-02,,1.562,,1.403,1.419,1.628,,1.484,1.715,
22-Apr-02,,1.531,,1.4,1.418,1.622,,1.496,1.714,
29-Apr-02,,1.511,,1.43,1.408,1.62,,1.497,1.707,
6-May-02,,1.535,,1.425,1.404,1.602,,1.503,1.693,
13-May-02,,1.54,,1.411,1.384,1.591,,1.502,1.673,
20-May-02,,1.636,,1.405,1.383,1.573,,1.503,1.663,
27-May-02,,1.595,,1.401,1.379,1.568,,1.498,1.667,
3-Jun-02,,1.617,,1.398,1.369,1.572,,1.496,1.68,
10-Jun-02,,1.582,,1.388,1.358,1.581,,1.489,1.681,
17-Jun-02,,1.543,,1.377,1.343,1.622,,1.484,1.702,
24-Jun-02,,1.522,,1.371,1.341,1.63,,1.481,1.733,
1-Jul-02,,1.511,,1.431,1.342,1.628,,1.477,1.734,
8-Jul-02,,1.5,,1.433,1.34,1.624,,1.474,1.728,
15-Jul-02,,1.524,,1.427,1.347,1.618,,1.475,1.725,
22-Jul-02,,1.515,,1.498,1.365,1.597,,1.496,1.717,
29-Jul-02,,1.58,,1.52,1.358,1.581,,1.506,1.707,
5-Aug-02,,1.537,,1.514,1.354,1.615,,1.518,1.725,
12-Aug-02,,1.503,,1.503,1.352,1.599,,1.521,1.712,
19-Aug-02,,1.505,,1.483,1.346,1.586,,1.523,1.708,
26-Aug-02,,1.549,,1.474,1.363,1.617,,1.529,1.705,
2-Sep-02,,1.516,,1.461,1.361,1.634,,1.53,1.7,
9-Sep-02,,1.55,,1.45,1.353,1.617,,1.531,1.695,
16-Sep-02,,1.505,,1.442,1.371,1.605,,1.529,1.688,
23-Sep-02,,1.549,,1.438,1.368,1.589,,1.53,1.67,
30-Sep-02,,1.538,,1.439,1.372,1.575,,1.534,1.665,
7-Oct-02,,1.609,,1.53,1.396,1.556,,1.539,1.661,
14-Oct-02,,1.564,,1.531,1.417,1.545,,1.542,1.631,
21-Oct-02,,1.629,,1.527,1.427,1.528,,1.547,1.636,
28-Oct-02,,1.599,,1.525,1.431,1.514,,1.547,1.638,
4-Nov-02,,1.583,,1.517,1.42,1.567,,1.551,1.695,
11-Nov-02,,1.581,,1.506,1.42,1.59,,1.568,1.729,
18-Nov-02,,1.505,,1.493,1.397,1.584,,1.566,1.726,
25-Nov-02,,1.451,,1.475,1.386,1.56,,1.565,1.712,
2-Dec-02,,1.419,,1.46,1.385,1.555,,1.563,1.705,
9-Dec-02,,1.401,,1.435,1.359,1.524,,1.56,1.694,
16-Dec-02,,1.417,,1.409,1.346,1.505,,1.555,1.685,
23-Dec-02,,1.469,,1.404,1.37,1.5,,1.571,1.682,
30-Dec-02,,1.536,,1.429,1.399,1.516,,1.591,1.694,
6-Jan-03,,1.509,,1.498,1.433,1.579,,1.599,1.735,
13-Jan-03,,1.539,,1.496,1.428,1.584,,1.595,1.767,
20-Jan-03,,1.558,,1.486,1.437,1.626,,1.6,1.808,
27-Jan-03,,1.554,,1.473,1.454,1.651,,1.598,1.813,
3-Feb-03,,1.603,,1.509,1.517,1.678,,1.624,1.85,
10-Feb-03,,1.672,,1.612,1.601,1.759,,1.694,1.892,
17-Feb-03,,1.751,,1.649,1.614,1.878,,1.731,2.009,
24-Feb-03,,1.759,,1.643,1.613,1.933,,1.739,2.058,
3-Mar-03,,1.783,,1.637,1.615,2.03,,1.746,2.135,
10-Mar-03,,1.822,,1.689,1.629,2.106,,1.752,2.196,
17-Mar-03,,1.792,,1.702,1.642,2.181,,1.764,2.235,
24-Mar-03,,1.729,,1.697,1.616,2.184,,1.759,2.222,
31-Mar-03,,1.644,,1.678,1.596,2.176,,1.743,2.211,
7-Apr-03,,1.624,,1.644,1.558,2.16,,1.73,2.185,
14-Apr-03,,1.566,,1.592,1.524,2.133,,1.715,2.15,
21-Apr-03,,1.595,,1.544,1.497,2.036,,1.702,2.109,
28-Apr-03,,1.645,,1.526,1.46,2.003,,1.683,2.078,
5-May-03,,1.553,,1.49,1.43,1.962,,1.661,2.032,
12-May-03,,1.55,,1.475,1.405,1.914,,1.642,1.973,
19-May-03,,1.604,,1.523,1.404,1.853,,1.625,1.935,
26-May-03,1.555,1.63,1.457,1.507,1.401,1.8,1.568,1.61,1.881,1.574
2-Jun-03,1.547,1.594,1.405,1.478,1.394,1.775,1.566,1.59,1.851,1.563
9-Jun-03,1.534,1.67,1.558,1.473,1.415,1.74,1.573,1.572,1.818,1.562
16-Jun-03,1.549,1.675,1.561,1.537,1.426,1.819,1.567,1.56,1.914,1.615
23-Jun-03,1.544,1.608,1.45,1.524,1.408,1.816,1.579,1.552,1.948,1.617
30-Jun-03,1.536,1.568,1.517,1.51,1.395,1.813,1.569,1.548,1.958,1.597
7-Jul-03,1.538,1.573,1.466,1.497,1.407,1.784,1.558,1.549,1.95,1.64
14-Jul-03,1.557,1.614,1.499,1.491,1.449,1.762,1.605,1.571,1.919,1.626
21-Jul-03,1.573,1.652,1.571,1.501,1.46,1.734,1.618,1.582,1.885,1.62
28-Jul-03,1.568,1.583,1.529,1.581,1.456,1.714,1.623,1.583,1.846,1.601
4-Aug-03,1.58,1.648,1.552,1.585,1.462,1.723,1.624,1.585,1.835,1.631
11-Aug-03,1.608,1.668,1.607,1.62,1.497,1.77,1.645,1.611,1.872,1.668
18-Aug-03,1.63,1.711,1.669,1.653,1.538,1.968,1.685,1.65,2.051,1.852
25-Aug-03,1.794,1.874,1.804,1.684,1.611,2.188,1.759,1.823,2.201,1.968
1-Sep-03,1.846,1.844,1.76,1.758,1.615,2.178,1.78,1.884,2.194,1.971
8-Sep-03,1.83,1.847,1.718,1.744,1.598,2.16,1.757,1.875,2.184,1.947
15-Sep-03,1.822,1.844,1.758,1.722,1.561,2.103,1.752,1.854,2.155,1.899
22-Sep-03,1.803,1.762,1.676,1.668,1.524,2.052,1.739,1.824,2.092,1.845
29-Sep-03,1.771,1.696,1.584,1.614,1.48,1.982,1.705,1.806,2.004,1.775
6-Oct-03,1.746,1.681,1.601,1.568,1.452,1.922,1.685,1.789,1.967,1.731
13-Oct-03,1.735,1.709,1.621,1.527,1.434,1.861,1.662,1.774,1.928,1.667
20-Oct-03,1.721,1.702,1.639,1.521,1.427,1.825,1.661,1.764,1.873,1.631
27-Oct-03,1.687,1.665,1.555,1.596,1.416,1.778,1.623,1.746,1.839,1.6
3-Nov-03,1.655,1.705,1.608,1.569,1.41,1.76,1.617,1.729,1.809,1.59
10-Nov-03,1.62,1.639,1.497,1.537,1.392,1.727,1.6,1.708,1.789,1.575
17-Nov-03,1.586,1.603,1.516,1.51,1.403,1.724,1.599,1.69,1.762,1.6
24-Nov-03,1.587,1.624,1.538,1.485,1.415,1.756,1.598,1.67,1.745,1.593
1-Dec-03,1.577,1.591,1.449,1.457,1.405,1.744,1.583,1.662,1.732,1.581
8-Dec-03,1.559,1.575,1.423,1.429,1.384,1.723,1.573,1.65,1.719,1.558
15-Dec-03,1.552,1.575,1.415,1.415,1.38,1.698,1.572,1.641,1.686,1.524
22-Dec-03,1.558,1.584,1.497,1.511,1.411,1.674,1.571,1.636,1.67,1.51
29-Dec-03,1.557,1.557,1.477,1.494,1.413,1.647,1.571,1.628,1.666,1.511
5-Jan-04,1.566,1.603,1.571,1.474,1.439,1.681,1.607,1.632,1.692,1.548
12-Jan-04,1.611,1.652,1.594,1.52,1.483,1.739,1.686,1.656,1.733,1.624
19-Jan-04,1.639,1.7,1.599,1.541,1.538,1.769,1.722,1.686,1.761,1.68
26-Jan-04,1.68,1.75,1.679,1.595,1.566,1.798,1.736,1.712,1.81,1.696
2-Feb-04,1.688,1.714,1.62,1.567,1.578,1.839,1.759,1.727,1.81,1.706
9-Feb-04,1.688,1.757,1.68,1.558,1.57,1.922,1.759,1.725,1.888,1.71
16-Feb-04,1.688,1.759,1.675,1.611,1.566,1.963,1.749,1.729,1.918,1.72
23-Feb-04,1.711,1.774,1.751,1.601,1.586,2.14,1.772,1.746,2.111,1.774
1-Mar-04,1.729,1.791,1.754,1.627,1.579,2.228,1.785,1.769,2.201,1.832
8-Mar-04,1.749,1.809,1.773,1.731,1.62,2.226,1.838,1.788,2.201,1.855
15-Mar-04,1.751,1.753,1.649,1.732,1.614,2.2,1.845,1.791,2.184,1.851
22-Mar-04,1.761,1.795,1.721,1.745,1.642,2.188,1.861,1.8,2.17,1.846
29-Mar-04,1.77,1.861,1.771,1.815,1.656,2.16,1.872,1.806,2.155,1.843
5-Apr-04,1.776,1.878,1.785,1.819,1.68,2.227,1.886,1.811,2.187,1.884
12-Apr-04,1.756,1.893,1.76,1.808,1.676,2.258,1.887,1.815,2.222,1.919
19-Apr-04,1.783,1.925,1.82,1.897,1.711,2.242,1.911,1.828,2.193,1.997
26-Apr-04,1.791,1.934,1.813,1.869,1.696,2.21,1.922,1.842,2.178,2.041
3-May-04,1.826,1.991,1.842,1.856,1.729,2.193,1.92,1.881,2.172,2.094
10-May-04,1.949,2.051,1.933,1.977,1.825,2.299,2.009,1.98,2.282,2.199
17-May-04,2.06,2.187,2.061,2.003,1.889,2.351,2.084,2.082,2.339,2.288
24-May-04,2.109,2.213,2.1,2.052,1.929,2.402,2.134,2.145,2.4,2.344
31-May-04,2.144,2.174,2.005,2.049,1.924,2.409,2.15,2.173,2.395,2.341
7-Jun-04,2.147,2.146,2.031,2.034,1.924,2.392,2.141,2.181,2.393,2.315
14-Jun-04,2.127,2.065,1.886,2.007,1.888,2.366,2.13,2.175,2.373,2.267
21-Jun-04,2.094,1.99,1.782,1.961,1.852,2.333,2.084,2.147,2.33,2.199
28-Jun-04,2.057,1.974,1.827,1.932,1.823,2.309,2.066,2.126,2.314,2.148
5-Jul-04,2.016,1.955,1.86,1.905,1.784,2.273,2.041,2.102,2.287,2.084
12-Jul-04,1.998,1.983,1.905,1.911,1.793,2.258,2.034,2.091,2.267,2.034
19-Jul-04,1.988,2.016,1.937,1.958,1.811,2.244,2.037,2.082,2.245,2.013
26-Jul-04,1.96,1.974,1.878,1.939,1.807,2.22,2.03,2.071,2.22,1.995
2-Aug-04,1.958,1.95,1.882,1.916,1.79,2.173,1.96,2.056,2.208,1.976
9-Aug-04,1.95,1.97,1.905,1.901,1.785,2.139,1.931,2.041,2.16,1.961
16-Aug-04,1.945,1.991,1.909,1.885,1.796,2.098,1.921,2.026,2.132,1.953
23-Aug-04,1.956,1.994,1.903,1.88,1.806,2.101,1.931,2.022,2.108,1.995
30-Aug-04,1.939,1.945,1.826,1.871,1.79,2.166,1.919,2.002,2.176,2.03
6-Sep-04,1.925,1.905,1.843,1.857,1.771,2.128,1.982,1.983,2.153,2.024
13-Sep-04,1.909,1.924,1.86,1.849,1.754,2.101,1.978,1.973,2.136,2.021
20-Sep-04,1.904,1.958,1.919,1.874,1.76,2.108,1.976,1.953,2.135,2.027
27-Sep-04,1.948,2.017,1.966,1.919,1.829,2.138,2.024,1.974,2.157,2.038
4-Oct-04,1.974,2.009,1.913,1.951,1.845,2.256,2.041,2.001,2.27,2.06
11-Oct-04,2.008,2.072,2.063,1.956,1.878,2.395,2.076,2.045,2.417,2.091
18-Oct-04,2.067,2.121,2.057,1.984,1.939,2.486,2.132,2.105,2.481,2.108
25-Oct-04,2.065,2.097,2.001,2.006,1.928,2.479,2.126,2.108,2.475,2.107
1-Nov-04,2.064,2.129,2.017,1.991,1.936,2.449,2.133,2.107,2.451,2.103
8-Nov-04,2.054,2.077,1.927,1.974,1.921,2.408,2.134,2.094,2.433,2.096
15-Nov-04,2.037,2.021,1.864,1.949,1.887,2.376,2.125,2.074,2.409,2.08
22-Nov-04,2.011,1.993,1.894,1.929,1.859,2.331,2.108,2.05,2.369,2.054
29-Nov-04,2.002,2.013,1.967,1.917,1.848,2.291,2.096,2.04,2.345,2.037
6-Dec-04,1.983,1.969,1.86,1.897,1.82,2.261,2.088,2.028,2.29,2.011
13-Dec-04,1.939,1.867,1.755,1.856,1.794,2.227,2.076,2,2.213,1.971
20-Dec-04,1.907,1.846,1.806,1.832,1.725,2.119,2.042,1.984,2.123,1.921
27-Dec-04,1.888,1.805,1.751,1.819,1.713,2.073,2.014,1.969,2.068,1.885
3-Jan-05,1.864,1.816,1.8,1.784,1.677,2.042,1.983,1.94,2.02,1.865
10-Jan-05,1.84,1.881,1.869,1.747,1.687,2.015,1.966,1.924,1.971,1.828
17-Jan-05,1.847,1.899,1.858,1.774,1.735,2.034,1.969,1.911,1.947,1.825
24-Jan-05,1.874,1.923,1.943,1.799,1.813,2.048,1.986,1.921,1.97,1.848
31-Jan-05,1.944,1.978,1.969,1.854,1.846,2.129,2.029,1.974,1.998,1.897
7-Feb-05,1.952,1.973,1.987,1.85,1.836,2.151,2.042,1.973,2.007,1.898
14-Feb-05,1.939,1.937,1.968,1.846,1.814,2.185,2.036,1.954,2.077,1.919
21-Feb-05,1.932,1.944,1.955,1.921,1.796,2.242,2.033,1.943,2.155,2.009
28-Feb-05,1.919,1.997,1.991,1.926,1.797,2.261,2.033,1.94,2.188,2.056
7-Mar-05,1.999,2.116,2.113,2.027,1.884,2.326,2.092,1.982,2.233,2.098
14-Mar-05,2.017,2.158,2.14,2.098,1.956,2.375,2.177,2.028,2.297,2.171
21-Mar-05,2.055,2.231,2.202,2.122,2.017,2.4,2.231,2.069,2.353,2.206
28-Mar-05,2.098,2.235,2.215,2.2,2.083,2.444,2.291,2.115,2.436,2.266
4-Apr-05,2.163,2.315,2.254,2.226,2.126,2.52,2.346,2.181,2.541,2.345
11-Apr-05,2.22,2.371,2.288,2.305,2.171,2.648,2.417,2.25,2.681,2.492
18-Apr-05,2.2,2.308,2.117,2.273,2.156,2.64,2.395,2.232,2.704,2.513
25-Apr-05,2.24,2.315,2.21,2.25,2.133,2.626,2.397,2.258,2.696,2.51
2-May-05,2.246,2.301,2.187,2.242,2.128,2.616,2.381,2.287,2.675,2.513
9-May-05,2.229,2.243,2.065,2.212,2.108,2.561,2.365,2.276,2.646,2.501
16-May-05,2.215,2.241,2.096,2.189,2.07,2.523,2.348,2.256,2.612,2.473
23-May-05,2.185,2.174,2.07,2.147,2.029,2.486,2.319,2.236,2.558,2.433
30-May-05,2.149,2.143,2.056,2.116,2.009,2.461,2.306,2.218,2.483,2.374
6-Jun-05,2.158,2.165,2.074,2.106,2.02,2.424,2.294,2.212,2.437,2.339
13-Jun-05,2.182,2.184,2.139,2.117,2.051,2.383,2.289,2.219,2.404,2.302
20-Jun-05,2.234,2.229,2.183,2.111,2.084,2.417,2.296,2.259,2.413,2.292
27-Jun-05,2.262,2.334,2.25,2.16,2.113,2.466,2.343,2.298,2.496,2.344
4-Jul-05,2.298,2.363,2.215,2.215,2.14,2.502,2.35,2.317,2.565,2.394
11-Jul-05,2.436,2.462,2.382,2.3,2.233,2.568,2.406,2.44,2.621,2.45
18-Jul-05,2.43,2.423,2.276,2.292,2.245,2.599,2.424,2.458,2.645,2.488
25-Jul-05,2.415,2.402,2.21,2.28,2.237,2.59,2.411,2.474,2.624,2.481
1-Aug-05,2.419,2.396,2.243,2.257,2.204,2.619,2.413,2.46,2.631,2.517
8-Aug-05,2.445,2.501,2.389,2.326,2.307,2.666,2.469,2.478,2.686,2.577
15-Aug-05,2.603,2.723,2.545,2.489,2.503,2.779,2.655,2.613,2.81,2.663
22-Aug-05,2.658,2.823,2.635,2.644,2.607,2.81,2.761,2.671,2.832,2.716
29-Aug-05,2.661,2.817,2.667,2.653,2.575,2.815,2.765,2.668,2.854,2.753
5-Sep-05,3.261,3.111,3.104,3.069,3.021,3.046,3.054,3.335,3.085,2.917
12-Sep-05,3.159,3.005,3,3.033,2.907,3.018,3.024,3.247,3.08,2.928
19-Sep-05,2.981,2.846,2.713,2.936,2.771,2.977,2.944,3.063,3.046,2.899
26-Sep-05,2.918,2.825,2.738,2.904,2.752,2.976,2.944,2.978,3.033,2.887
3-Oct-05,2.933,2.95,2.963,2.941,2.913,3.018,3.06,2.951,3.049,2.891
10-Oct-05,2.846,2.87,2.819,2.867,2.898,3.005,3.014,2.895,3.069,2.877
17-Oct-05,2.724,2.777,2.614,2.809,2.833,2.938,2.961,2.824,2.997,2.826
24-Oct-05,2.607,2.665,2.443,2.719,2.727,2.875,2.892,2.733,2.908,2.768
31-Oct-05,2.492,2.579,2.311,2.59,2.545,2.813,2.881,2.616,2.787,2.674
7-Nov-05,2.378,2.474,2.207,2.464,2.414,2.746,2.775,2.487,2.68,2.6
14-Nov-05,2.263,2.374,2.22,2.387,2.319,2.68,2.659,2.4,2.599,2.527
21-Nov-05,2.158,2.278,2.094,2.281,2.184,2.53,2.538,2.32,2.479,2.448
28-Nov-05,2.101,2.22,2.076,2.216,2.102,2.483,2.501,2.261,2.417,2.403
5-Dec-05,2.109,2.267,2.169,2.157,2.06,2.407,2.445,2.226,2.319,2.325
12-Dec-05,2.172,2.277,2.218,2.158,2.15,2.357,2.448,2.268,2.26,2.245
19-Dec-05,2.235,2.331,2.295,2.184,2.176,2.326,2.45,2.302,2.221,2.201
26-Dec-05,2.228,2.342,2.224,2.147,2.156,2.303,2.428,2.308,2.211,2.171
2-Jan-06,2.276,2.358,2.333,2.171,2.208,2.263,2.425,2.361,2.216,2.148
9-Jan-06,2.382,2.438,2.401,2.308,2.306,2.368,2.484,2.46,2.334,2.217
16-Jan-06,2.4,2.397,2.329,2.279,2.313,2.486,2.501,2.478,2.439,2.268
23-Jan-06,2.42,2.389,2.342,2.265,2.311,2.482,2.515,2.507,2.442,2.298
30-Jan-06,2.417,2.368,2.34,2.267,2.31,2.583,2.524,2.499,2.561,2.329
6-Feb-06,2.391,2.37,2.324,2.256,2.297,2.617,2.523,2.471,2.591,2.335
13-Feb-06,2.337,2.31,2.25,2.235,2.243,2.597,2.501,2.418,2.556,2.318
20-Feb-06,2.266,2.281,2.158,2.199,2.194,2.554,2.465,2.342,2.489,2.269
27-Feb-06,2.218,2.304,2.267,2.253,2.151,2.505,2.42,2.324,2.438,2.263
6-Mar-06,2.256,2.495,2.426,2.322,2.185,2.559,2.465,2.351,2.492,2.318
13-Mar-06,2.289,2.489,2.439,2.349,2.315,2.626,2.514,2.368,2.564,2.406
20-Mar-06,2.44,2.591,2.541,2.511,2.499,2.71,2.683,2.516,2.66,2.518
27-Mar-06,2.456,2.574,2.518,2.507,2.495,2.762,2.7,2.531,2.694,2.575
3-Apr-06,2.56,2.704,2.598,2.54,2.616,2.823,2.769,2.628,2.807,2.618
10-Apr-06,2.648,2.785,2.675,2.646,2.749,2.878,2.856,2.728,2.855,2.731
17-Apr-06,2.748,2.888,2.818,2.748,2.83,2.969,2.953,2.845,2.948,2.801
24-Apr-06,2.94,3.004,2.918,2.867,2.931,3.129,3.042,3.039,3.148,2.934
1-May-06,2.951,2.981,2.893,2.868,2.935,3.31,3.036,3.049,3.272,3.039
8-May-06,2.942,2.951,2.838,2.857,2.933,3.475,3.03,3.054,3.384,3.131
15-May-06,3.047,3.023,2.945,2.855,2.94,3.451,3.032,3.123,3.38,3.177
22-May-06,3.024,2.972,2.808,2.84,2.93,3.433,3.002,3.104,3.372,3.203
29-May-06,2.981,2.965,2.753,2.822,2.883,3.391,2.968,3.084,3.338,3.221
5-Jun-06,3.025,3.001,2.817,2.814,2.915,3.37,2.961,3.089,3.301,3.187
12-Jun-06,3.043,3.021,2.846,2.851,2.928,3.318,2.967,3.109,3.266,3.155
19-Jun-06,3.031,3.042,2.788,2.838,2.91,3.27,2.96,3.086,3.228,3.106
26-Jun-06,3.014,3.093,2.831,2.821,2.876,3.237,2.951,3.078,3.17,3.066
3-Jul-06,3.008,3.161,2.94,2.929,2.922,3.265,2.993,3.138,3.206,3.044
10-Jul-06,3.062,3.235,2.962,2.959,2.947,3.331,3.025,3.178,3.255,3.072
17-Jul-06,3.065,3.247,3.016,2.957,2.942,3.335,3.047,3.183,3.247,3.057
24-Jul-06,3.075,3.234,3.008,2.978,2.95,3.313,3.08,3.188,3.224,3.053
31-Jul-06,3.097,3.27,3.016,3.01,2.943,3.282,3.099,3.19,3.205,3.034
7-Aug-06,3.099,3.276,3.049,3.058,2.956,3.281,3.124,3.183,3.185,3.059
14-Aug-06,3.082,3.249,2.941,3.052,2.918,3.3,3.13,3.162,3.215,3.063
21-Aug-06,3.026,3.191,2.806,3.036,2.857,3.245,3.1,3.09,3.175,3.03
28-Aug-06,2.946,3.118,2.672,2.999,2.758,3.179,3.035,3.014,3.097,2.986
4-Sep-06,2.82,2.978,2.533,2.938,2.627,3.075,2.98,2.901,3.035,2.926
11-Sep-06,2.728,2.865,2.419,2.896,2.486,3.018,2.9,2.796,2.949,2.861
18-Sep-06,2.586,2.733,2.266,2.804,2.334,2.912,2.781,2.684,2.871,2.785
25-Sep-06,2.461,2.593,2.154,2.725,2.219,2.824,2.682,2.534,2.78,2.705
2-Oct-06,2.343,2.473,2.128,2.625,2.144,2.741,2.591,2.431,2.719,2.642
9-Oct-06,2.267,2.37,2.138,2.479,2.121,2.643,2.498,2.35,2.638,2.577
16-Oct-06,2.223,2.3,2.123,2.336,2.081,2.58,2.438,2.298,2.566,2.531
23-Oct-06,2.201,2.267,2.179,2.234,2.05,2.516,2.395,2.247,2.5,2.496
30-Oct-06,2.204,2.307,2.234,2.198,2.063,2.469,2.377,2.251,2.46,2.43
6-Nov-06,2.191,2.315,2.266,2.176,2.049,2.426,2.357,2.233,2.435,2.41
13-Nov-06,2.206,2.351,2.273,2.158,2.069,2.507,2.363,2.259,2.522,2.466
20-Nov-06,2.223,2.314,2.259,2.161,2.096,2.546,2.367,2.283,2.542,2.561
27-Nov-06,2.251,2.337,2.293,2.159,2.107,2.548,2.378,2.309,2.545,2.565
4-Dec-06,2.313,2.37,2.287,2.184,2.169,2.54,2.434,2.366,2.547,2.593
11-Dec-06,2.318,2.354,2.256,2.189,2.2,2.545,2.446,2.385,2.545,2.632
18-Dec-06,2.358,2.368,2.301,2.181,2.199,2.598,2.441,2.41,2.627,2.66
25-Dec-06,2.389,2.409,2.347,2.197,2.224,2.633,2.454,2.457,2.71,2.683
1-Jan-07,2.384,2.383,2.335,2.196,2.215,2.636,2.451,2.454,2.71,2.699
8-Jan-07,2.37,2.347,2.297,2.191,2.199,2.668,2.429,2.432,2.743,2.706
15-Jan-07,2.311,2.265,2.138,2.169,2.133,2.605,2.377,2.391,2.718,2.685
22-Jan-07,2.246,2.171,2.028,2.121,2.074,2.554,2.324,2.334,2.687,2.632
29-Jan-07,2.218,2.199,2.141,2.079,2.029,2.485,2.299,2.292,2.658,2.541
5-Feb-07,2.187,2.295,2.274,2.119,2.038,2.546,2.291,2.261,2.712,2.488
12-Feb-07,2.206,2.319,2.33,2.161,2.106,2.638,2.329,2.284,2.791,2.46
19-Feb-07,2.25,2.398,2.385,2.257,2.146,2.721,2.382,2.329,2.856,2.501
26-Feb-07,2.357,2.501,2.459,2.342,2.229,2.806,2.467,2.425,2.967,2.523
5-Mar-07,2.491,2.566,2.525,2.477,2.399,2.903,2.613,2.572,3.045,2.614
12-Mar-07,2.545,2.54,2.541,2.473,2.416,3.107,2.672,2.636,3.23,2.772
19-Mar-07,2.562,2.556,2.51,2.555,2.418,3.16,2.671,2.669,3.277,2.839
26-Mar-07,2.589,2.614,2.543,2.6,2.472,3.189,2.707,2.709,3.285,2.89
2-Apr-07,2.679,2.725,2.672,2.645,2.605,3.273,2.779,2.819,3.371,2.99
9-Apr-07,2.732,2.898,2.769,2.753,2.703,3.283,2.902,2.854,3.38,3.057
16-Apr-07,2.789,3.013,2.849,2.815,2.779,3.334,3.002,2.907,3.433,3.123
23-Apr-07,2.808,2.973,2.807,2.833,2.799,3.341,3.008,2.914,3.449,3.174
30-Apr-07,2.913,3.132,2.98,2.956,2.875,3.4,3.073,3.001,3.514,3.331
7-May-07,2.985,3.359,3.173,3.132,2.902,3.509,3.09,3.082,3.593,3.431
14-May-07,3.01,3.408,3.185,3.264,2.897,3.489,3.144,3.106,3.581,3.459
21-May-07,3.069,3.573,3.252,3.352,3.038,3.474,3.234,3.166,3.559,3.454
28-May-07,3.089,3.661,3.384,3.352,3.057,3.432,3.258,3.195,3.556,3.399
4-Jun-07,3.075,3.607,3.223,3.328,3.026,3.393,3.228,3.188,3.536,3.332
11-Jun-07,3.048,3.5,3.013,3.278,2.966,3.358,3.204,3.159,3.476,3.238
18-Jun-07,2.997,3.38,2.887,3.211,2.907,3.248,3.163,3.124,3.414,3.116
25-Jun-07,2.974,3.279,2.95,3.158,2.861,3.209,3.116,3.094,3.362,3.073
2-Jul-07,2.957,3.202,2.893,3.119,2.827,3.17,3.076,3.076,3.319,3.031
9-Jul-07,2.957,3.189,2.98,3.1,2.81,3.144,3.076,3.07,3.294,3.012
16-Jul-07,2.967,3.425,3.121,3.158,2.896,3.172,3.124,3.083,3.323,3.003
23-Jul-07,2.932,3.302,2.875,3.089,2.855,3.127,3.116,3.059,3.289,2.959
30-Jul-07,2.911,3.182,2.676,3.028,2.789,3.059,3.065,3.008,3.235,2.922
6-Aug-07,2.867,3.106,2.695,2.972,2.75,3.015,3.002,2.962,3.199,2.897
13-Aug-07,2.802,3.035,2.671,2.909,2.654,2.937,2.936,2.894,3.111,2.824
20-Aug-07,2.76,3.116,2.817,2.868,2.655,2.87,2.913,2.859,3.02,2.798
27-Aug-07,2.706,3.072,2.849,2.837,2.621,2.793,2.888,2.802,2.954,2.787
3-Sep-07,2.702,3.243,3.022,2.885,2.598,2.804,2.892,2.79,2.938,2.834
10-Sep-07,2.694,3.251,3.015,2.933,2.641,2.871,2.932,2.783,2.979,2.881
17-Sep-07,2.688,3.156,2.839,2.895,2.616,2.946,2.94,2.779,3.011,2.903
24-Sep-07,2.698,3.096,2.882,2.864,2.646,3.004,2.963,2.791,3.068,2.958
1-Oct-07,2.707,3.011,2.715,2.837,2.658,3.013,2.974,2.798,3.071,2.968
8-Oct-07,2.697,2.944,2.785,2.798,2.619,3.039,2.951,2.778,3.094,2.941
15-Oct-07,2.69,2.884,2.781,2.782,2.603,3.076,2.963,2.773,3.163,2.956
22-Oct-07,2.735,2.898,2.852,2.834,2.64,3.182,2.966,2.818,3.247,3.058
29-Oct-07,2.8,2.951,2.953,2.827,2.675,3.175,3,2.872,3.293,3.125
5-Nov-07,2.936,3.17,3.134,2.969,2.832,3.234,3.154,2.997,3.376,3.207
12-Nov-07,3.032,3.218,3.223,3.072,2.919,3.374,3.253,3.112,3.521,3.259
19-Nov-07,3.044,3.18,3.141,3.071,2.932,3.415,3.268,3.149,3.556,3.254
26-Nov-07,3.077,3.163,3.071,3.061,2.953,3.42,3.268,3.163,3.548,3.249
3-Dec-07,3.075,3.129,2.988,3.012,2.924,3.37,3.258,3.169,3.524,3.225
10-Dec-07,3.07,3.067,2.856,2.921,2.876,3.337,3.244,3.156,3.489,3.183
17-Dec-07,3.057,3.092,3.045,2.876,2.85,3.283,3.222,3.135,3.441,3.139
24-Dec-07,3.055,3.072,3.013,2.842,2.837,3.255,3.216,3.132,3.419,3.13
31-Dec-07,3.062,3.177,3.124,2.833,2.905,3.323,3.233,3.154,3.44,3.177
7-Jan-08,3.098,3.267,3.23,2.887,2.975,3.367,3.269,3.192,3.477,3.229
14-Jan-08,3.097,3.203,3.105,2.888,2.97,3.322,3.276,3.194,3.446,3.201
21-Jan-08,3.073,3.132,2.997,2.873,2.925,3.255,3.242,3.161,3.378,3.124
28-Jan-08,3.044,3.097,2.983,2.868,2.91,3.162,3.192,3.12,3.309,3.058
4-Feb-08,3.019,3.112,3.056,2.922,2.893,3.112,3.171,3.099,3.275,3.041
11-Feb-08,2.988,3.091,2.982,2.913,2.865,3.131,3.156,3.071,3.247,3.058
18-Feb-08,2.995,3.209,3.121,2.944,2.92,3.209,3.227,3.104,3.35,3.165
25-Feb-08,3.095,3.208,3.065,3.059,3.078,3.326,3.358,3.18,3.486,3.33
3-Mar-08,3.104,3.196,3.097,3.077,3.095,3.479,3.361,3.198,3.582,3.454
10-Mar-08,3.13,3.312,3.273,3.087,3.154,3.575,3.402,3.22,3.657,3.516
17-Mar-08,3.166,3.418,3.412,3.162,3.218,3.643,3.457,3.275,3.714,3.552
24-Mar-08,3.156,3.408,3.282,3.183,3.207,3.647,3.441,3.286,3.707,3.527
31-Mar-08,3.165,3.485,3.24,3.23,3.244,3.652,3.453,3.285,3.7,3.482
7-Apr-08,3.184,3.528,3.247,3.28,3.301,3.732,3.484,3.29,3.772,3.486
14-Apr-08,3.232,3.606,3.337,3.315,3.331,3.818,3.549,3.357,3.87,3.562
21-Apr-08,3.456,3.732,3.406,3.454,3.446,3.89,3.685,3.532,3.912,3.649
28-Apr-08,3.568,3.793,3.553,3.52,3.527,3.93,3.788,3.683,3.966,3.732
5-May-08,3.596,3.826,3.617,3.516,3.528,3.941,3.784,3.719,3.981,3.749
12-May-08,3.719,3.986,3.813,3.655,3.629,3.95,3.903,3.809,3.998,3.826
19-May-08,3.813,4.06,3.92,3.732,3.705,3.967,3.985,3.923,4.029,3.901
26-May-08,3.945,4.213,4.014,3.905,3.844,4.105,4.099,4.043,4.154,4.045
2-Jun-08,3.995,4.217,4.008,3.934,3.857,4.259,4.109,4.105,4.293,4.182
9-Jun-08,4.041,4.213,4.031,3.958,3.937,4.467,4.211,4.168,4.465,4.28
16-Jun-08,4.088,4.222,4.027,3.994,3.962,4.662,4.23,4.214,4.606,4.375
23-Jun-08,4.089,4.256,4.026,3.983,3.944,4.658,4.233,4.221,4.614,4.396
30-Jun-08,4.094,4.244,4.074,3.984,3.942,4.638,4.237,4.229,4.607,4.397
7-Jul-08,4.112,4.343,4.059,4.02,3.968,4.617,4.245,4.242,4.604,4.391
14-Jul-08,4.108,4.341,4.076,4.061,3.968,4.59,4.248,4.235,4.571,4.368
21-Jul-08,4.101,4.269,3.969,4.047,3.977,4.536,4.208,4.206,4.514,4.318
28-Jul-08,3.986,4.13,3.83,4.005,3.892,4.39,4.132,4.13,4.412,4.245
4-Aug-08,3.914,4.064,3.765,3.942,3.791,4.27,4.058,4.063,4.316,4.154
11-Aug-08,3.835,4.046,3.723,3.906,3.693,4.158,3.995,3.974,4.237,4.056
18-Aug-08,3.713,4.072,3.695,3.845,3.593,4.082,3.924,3.854,4.166,3.984
25-Aug-08,3.638,4.061,3.689,3.804,3.491,4.005,3.861,3.771,4.083,3.916
1-Sep-08,3.613,3.987,3.625,3.774,3.505,3.936,3.881,3.736,4.024,3.884
8-Sep-08,3.577,3.949,3.588,3.738,3.496,3.882,3.882,3.677,3.976,3.834
15-Sep-08,3.64,4.337,4.023,3.738,3.755,3.816,3.996,3.728,3.947,3.806
22-Sep-08,3.6,4.095,3.875,3.671,3.66,3.74,3.936,3.714,3.897,3.736
29-Sep-08,3.527,3.956,3.655,3.612,3.575,3.687,3.872,3.628,3.832,3.692
6-Oct-08,3.381,3.794,3.321,3.51,3.411,3.611,3.752,3.499,3.774,3.584
13-Oct-08,3.12,3.506,2.947,3.272,3.092,3.492,3.46,3.275,3.653,3.404
20-Oct-08,2.902,3.246,2.75,2.975,2.823,3.399,3.161,3.053,3.541,3.13
27-Oct-08,2.665,2.95,2.529,2.68,2.471,3.257,2.917,2.844,3.326,2.827
3-Nov-08,2.456,2.669,2.174,2.423,2.17,2.904,2.719,2.66,2.953,2.581
10-Nov-08,2.287,2.447,2.004,2.185,2.052,2.681,2.535,2.487,2.577,2.419
17-Nov-08,2.103,2.237,1.887,2.014,1.906,2.473,2.357,2.301,2.418,2.281
24-Nov-08,1.953,1.971,1.748,1.837,1.765,2.241,2.163,2.141,2.211,2.114
1-Dec-08,1.863,1.816,1.731,1.739,1.702,2.035,2.1,2.042,2.018,1.999
8-Dec-08,1.769,1.692,1.646,1.661,1.64,1.875,1.944,1.942,1.889,1.892
15-Dec-08,1.71,1.763,1.728,1.609,1.525,1.77,1.897,1.854,1.808,1.815
22-Dec-08,1.69,1.771,1.685,1.587,1.546,1.822,1.872,1.809,1.87,1.848
29-Dec-08,1.659,1.726,1.648,1.555,1.5,1.835,1.838,1.748,1.898,1.855
5-Jan-09,1.678,1.904,1.889,1.516,1.529,1.887,1.857,1.734,1.963,1.917
12-Jan-09,1.745,2.004,1.962,1.582,1.649,2.009,1.945,1.811,2.057,2.027
19-Jan-09,1.799,2.051,1.958,1.66,1.731,2.087,2.041,1.852,2.105,2.095
26-Jan-09,1.817,1.988,1.888,1.722,1.742,2.119,2.045,1.867,2.115,2.092
2-Feb-09,1.874,1.962,1.864,1.806,1.806,2.134,2.104,1.932,2.144,2.096
9-Feb-09,1.907,1.957,1.831,1.878,1.837,2.24,2.147,1.98,2.242,2.188
16-Feb-09,1.934,2.036,1.993,1.9,1.832,2.314,2.173,2.013,2.325,2.246
23-Feb-09,1.912,1.956,1.871,1.867,1.794,2.3,2.125,2,2.297,2.222
2-Mar-09,1.927,2,1.917,1.852,1.821,2.215,2.145,1.979,2.233,2.194
9-Mar-09,1.914,2.07,2.012,1.864,1.812,2.247,2.14,1.981,2.238,2.195
16-Mar-09,1.918,1.98,1.886,1.865,1.806,2.22,2.129,1.98,2.195,2.164
23-Mar-09,1.934,2.097,2.017,1.925,1.904,2.194,2.165,1.998,2.185,2.184
30-Mar-09,2.006,2.179,2.095,2.023,2.009,2.305,2.227,2.065,2.267,2.258
6-Apr-09,2.007,2.14,2.041,2.026,1.993,2.365,2.228,2.068,2.347,2.315
13-Apr-09,2.012,2.182,2.042,2.044,1.988,2.394,2.241,2.075,2.355,2.337
20-Apr-09,2.05,2.178,2.021,2.063,2.007,2.384,2.233,2.097,2.369,2.344
27-Apr-09,2.057,2.228,2.035,2.07,2.001,2.384,2.229,2.118,2.384,2.356
4-May-09,2.086,2.295,2.106,2.088,1.997,2.392,2.233,2.149,2.392,2.362
11-May-09,2.249,2.556,2.335,2.229,2.174,2.477,2.365,2.286,2.462,2.471
18-May-09,2.303,2.609,2.359,2.286,2.243,2.568,2.467,2.374,2.572,2.542
25-May-09,2.411,2.684,2.56,2.417,2.328,2.689,2.573,2.487,2.695,2.622
1-Jun-09,2.516,2.785,2.674,2.473,2.378,2.791,2.662,2.556,2.819,2.687
8-Jun-09,2.57,2.962,2.857,2.537,2.47,2.939,2.723,2.64,2.955,2.781
15-Jun-09,2.65,2.907,2.782,2.568,2.531,3.03,2.815,2.719,3.053,2.859
22-Jun-09,2.689,2.917,2.713,2.573,2.548,3.073,2.85,2.777,3.066,2.895
29-Jun-09,2.681,2.863,2.644,2.551,2.491,3.054,2.826,2.767,3.033,2.861
6-Jul-09,2.669,2.807,2.632,2.541,2.45,3.008,2.795,2.747,3.025,2.856
13-Jul-09,2.58,2.699,2.492,2.506,2.383,2.956,2.707,2.688,2.955,2.798
20-Jul-09,2.517,2.631,2.392,2.476,2.327,2.903,2.661,2.64,2.919,2.721
27-Jul-09,2.526,2.658,2.519,2.465,2.378,2.89,2.687,2.628,2.913,2.716
3-Aug-09,2.572,2.711,2.554,2.482,2.444,2.975,2.711,2.672,2.991,2.752
10-Aug-09,2.649,2.775,2.663,2.558,2.537,3.099,2.778,2.743,3.113,2.87
17-Aug-09,2.667,2.734,2.597,2.563,2.543,3.093,2.774,2.758,3.116,2.881
24-Aug-09,2.663,2.746,2.595,2.559,2.532,3.08,2.765,2.754,3.105,2.881
31-Aug-09,2.672,2.724,2.574,2.544,2.487,3.078,2.762,2.76,3.124,2.926
7-Sep-09,2.658,2.67,2.535,2.525,2.403,3.162,2.717,2.752,3.178,2.968
14-Sep-09,2.643,2.666,2.516,2.499,2.383,3.202,2.678,2.731,3.245,2.966
21-Sep-09,2.608,2.635,2.525,2.462,2.338,3.186,2.646,2.695,3.227,2.968
28-Sep-09,2.555,2.564,2.448,2.429,2.294,3.155,2.592,2.634,3.182,2.925
5-Oct-09,2.526,2.537,2.417,2.382,2.275,3.123,2.558,2.586,3.167,2.873
12-Oct-09,2.484,2.598,2.515,2.38,2.308,3.079,2.594,2.566,3.117,2.804
19-Oct-09,2.531,2.7,2.601,2.457,2.426,3.057,2.747,2.638,3.103,2.773
26-Oct-09,2.65,2.864,2.686,2.593,2.55,3.069,2.842,2.721,3.097,2.815
2-Nov-09,2.691,2.872,2.708,2.614,2.567,3.078,2.862,2.765,3.09,2.854
9-Nov-09,2.687,2.834,2.636,2.598,2.551,3.071,2.847,2.763,3.071,2.858
16-Nov-09,2.676,2.772,2.56,2.575,2.52,3.058,2.825,2.749,3.033,2.858
23-Nov-09,2.661,2.755,2.654,2.559,2.502,3.045,2.831,2.748,2.999,2.862
30-Nov-09,2.656,2.749,2.632,2.537,2.502,3.025,2.827,2.75,2.979,2.854
7-Dec-09,2.663,2.732,2.617,2.525,2.514,3.016,2.82,2.749,2.968,2.852
14-Dec-09,2.646,2.714,2.578,2.51,2.451,2.999,2.798,2.729,2.963,2.834
21-Dec-09,2.627,2.733,2.634,2.479,2.439,2.993,2.779,2.714,2.973,2.813
28-Dec-09,2.643,2.771,2.697,2.473,2.482,3.023,2.79,2.717,2.973,2.806
4-Jan-10,2.677,2.828,2.722,2.496,2.524,3.086,2.809,2.753,3.038,2.842
11-Jan-10,2.748,2.925,2.825,2.567,2.641,3.148,2.919,2.821,3.104,2.912
18-Jan-10,2.771,2.886,2.748,2.591,2.624,3.118,2.92,2.836,3.091,2.917
25-Jan-10,2.75,2.84,2.684,2.576,2.6,3.095,2.897,2.817,3.077,2.892
1-Feb-10,2.723,2.782,2.614,2.565,2.545,3.074,2.874,2.799,3.042,2.861
8-Feb-10,2.709,2.754,2.614,2.554,2.539,3.064,2.85,2.787,3.005,2.839
15-Feb-10,2.688,2.7,2.52,2.533,2.472,3.023,2.838,2.761,2.972,2.818
22-Feb-10,2.688,2.836,2.65,2.566,2.52,3.017,2.877,2.767,2.975,2.863
1-Mar-10,2.693,2.83,2.657,2.604,2.574,3.086,2.901,2.78,3.057,2.923
8-Mar-10,2.732,2.862,2.723,2.651,2.619,3.122,2.969,2.81,3.118,2.979
15-Mar-10,2.751,2.92,2.768,2.686,2.701,3.134,2.979,2.831,3.129,3.018
22-Mar-10,2.748,3.062,2.841,2.698,2.711,3.175,2.979,2.83,3.139,3.036
29-Mar-10,2.749,3.02,2.788,2.713,2.708,3.161,2.965,2.828,3.148,3.045
5-Apr-10,2.77,3.081,2.824,2.736,2.743,3.161,2.98,2.846,3.144,3.041
12-Apr-10,2.814,3.091,2.859,2.752,2.769,3.172,3.001,2.876,3.156,3.096
19-Apr-10,2.822,3.125,2.88,2.758,2.762,3.165,2.991,2.893,3.151,3.109
26-Apr-10,2.87,3.112,2.821,2.757,2.725,3.17,3.013,2.929,3.15,3.119
3-May-10,2.917,3.168,2.923,2.764,2.786,3.192,3.036,2.993,3.185,3.115
10-May-10,2.918,3.162,2.869,2.779,2.805,3.214,3.018,3.013,3.198,3.121
17-May-10,2.903,3.11,2.795,2.773,2.767,3.185,3.006,2.999,3.178,3.094
24-May-10,2.85,3.019,2.699,2.738,2.716,3.118,2.938,2.946,3.121,3.039
31-May-10,2.799,2.961,2.645,2.706,2.664,3.089,2.875,2.905,3.095,2.995
7-Jun-10,2.772,2.939,2.659,2.678,2.615,3.151,2.855,2.874,3.161,2.995
14-Jun-10,2.746,2.905,2.708,2.665,2.572,3.12,2.852,2.84,3.151,2.991
21-Jun-10,2.741,2.965,2.766,2.691,2.601,3.18,2.89,2.848,3.197,3.004
28-Jun-10,2.749,2.964,2.81,2.705,2.606,3.193,2.882,2.859,3.222,3.005
5-Jul-10,2.742,2.904,2.713,2.694,2.596,3.175,2.86,2.846,3.208,3.012
12-Jul-10,2.74,2.896,2.771,2.681,2.561,3.172,2.827,2.837,3.2,3.015
19-Jul-10,2.727,2.916,2.763,2.671,2.542,3.195,2.816,2.832,3.221,3.036
26-Jul-10,2.732,2.976,2.807,2.671,2.602,3.196,2.844,2.837,3.218,3.076
2-Aug-10,2.732,2.927,2.729,2.67,2.573,3.186,2.843,2.835,3.216,3.089
9-Aug-10,2.744,2.968,2.787,2.721,2.644,3.221,2.869,2.827,3.255,3.133
16-Aug-10,2.734,2.922,2.691,2.716,2.604,3.213,2.855,2.809,3.252,3.138
23-Aug-10,2.713,2.876,2.62,2.711,2.562,3.187,2.825,2.779,3.211,3.128
30-Aug-10,2.68,2.836,2.672,2.755,2.533,3.127,2.809,2.747,3.171,3.086
6-Sep-10,2.654,2.903,2.753,2.76,2.513,3.08,2.815,2.738,3.138,3.044
13-Sep-10,2.648,3.06,2.884,2.78,2.55,3.071,2.84,2.737,3.101,3.034
20-Sep-10,2.647,3.019,2.792,2.769,2.578,3.04,2.852,2.732,3.092,3.019
27-Sep-10,2.651,2.948,2.693,2.75,2.567,3.035,2.847,2.731,3.079,3.016
4-Oct-10,2.702,2.958,2.766,2.746,2.595,3.069,2.879,2.781,3.095,3.016
11-Oct-10,2.804,3.007,2.909,2.755,2.705,3.149,2.943,2.873,3.173,3.044
18-Oct-10,2.852,3.032,2.849,2.752,2.698,3.203,2.953,2.93,3.22,3.093
25-Oct-10,2.882,2.987,2.827,2.743,2.68,3.196,2.95,2.94,3.208,3.104
1-Nov-10,2.89,2.939,2.843,2.721,2.655,3.193,2.944,2.937,3.217,3.105
8-Nov-10,2.9,3.11,3.014,2.726,2.705,3.188,2.964,2.959,3.209,3.105
15-Nov-10,2.963,3.118,2.971,2.749,2.741,3.226,3.011,3.036,3.255,3.143
22-Nov-10,3.01,3.056,2.905,2.724,2.725,3.234,3.017,3.078,3.252,3.146
29-Nov-10,3.003,3.023,2.882,2.702,2.694,3.215,3.015,3.086,3.238,3.141
6-Dec-10,3.061,3.109,3.04,2.717,2.813,3.289,3.119,3.14,3.29,3.183
13-Dec-10,3.068,3.097,2.99,2.767,2.852,3.305,3.14,3.17,3.343,3.203
20-Dec-10,3.084,3.149,3,2.764,2.863,3.309,3.156,3.179,3.335,3.21
27-Dec-10,3.111,3.288,3.142,2.822,2.949,3.35,3.233,3.21,3.378,3.228
3-Jan-11,3.135,3.303,3.183,2.858,2.942,3.375,3.253,3.222,3.371,3.244
10-Jan-11,3.161,3.316,3.156,2.895,2.971,3.398,3.269,3.242,3.402,3.255
17-Jan-11,3.166,3.283,3.174,2.953,2.98,3.419,3.275,3.257,3.427,3.292
24-Jan-11,3.178,3.27,3.158,2.988,2.995,3.425,3.275,3.273,3.434,3.304
31-Jan-11,3.177,3.286,3.16,2.995,2.98,3.439,3.265,3.275,3.427,3.306
7-Feb-11,3.185,3.351,3.195,3.028,3.009,3.462,3.267,3.285,3.468,3.321
14-Feb-11,3.19,3.325,3.129,3.032,3.017,3.501,3.276,3.29,3.516,3.354
21-Feb-11,3.202,3.368,3.196,3.073,3.053,3.621,3.312,3.311,3.621,3.438
28-Feb-11,3.355,3.604,3.421,3.222,3.282,3.783,3.551,3.466,3.8,3.559
7-Mar-11,3.516,3.72,3.528,3.349,3.448,3.94,3.711,3.61,3.959,3.681
14-Mar-11,3.541,3.708,3.609,3.38,3.487,4.024,3.721,3.655,4.013,3.741
21-Mar-11,3.539,3.755,3.6,3.396,3.488,4.043,3.71,3.655,4.027,3.754
28-Mar-11,3.545,3.797,3.6,3.441,3.529,4.108,3.774,3.666,4.092,3.818
4-Apr-11,3.619,3.974,3.794,3.504,3.645,4.139,3.849,3.74,4.131,3.848
11-Apr-11,3.718,4.142,3.895,3.581,3.763,4.235,3.928,3.832,4.227,3.916
18-Apr-11,3.825,4.227,3.924,3.606,3.805,4.279,3.977,3.932,4.266,3.969
25-Apr-11,3.901,4.295,3.948,3.637,3.837,4.292,3.984,4.011,4.293,4.005
2-May-11,3.99,4.394,4.175,3.719,3.917,4.342,4.064,4.107,4.334,4.059
9-May-11,4.017,4.44,4.062,3.748,3.92,4.337,4.05,4.134,4.332,4.1
16-May-11,4.027,4.386,4.035,3.817,3.925,4.305,4.073,4.133,4.291,4.102
23-May-11,3.977,4.236,3.803,3.785,3.786,4.21,3.992,4.066,4.194,4.05
30-May-11,3.91,4.185,3.867,3.756,3.69,4.139,3.953,4.004,4.113,4.005
6-Jun-11,3.863,4.296,3.943,3.732,3.633,4.066,3.923,3.949,4.058,3.982
13-Jun-11,3.809,4.158,3.682,3.704,3.599,4.02,3.892,3.914,3.996,3.942
20-Jun-11,3.785,4.035,3.554,3.657,3.569,3.981,3.86,3.878,3.977,3.92
27-Jun-11,3.765,3.911,3.388,3.601,3.502,3.932,3.811,3.842,3.907,3.886
4-Jul-11,3.727,3.98,3.636,3.533,3.44,3.894,3.773,3.804,3.861,3.851
11-Jul-11,3.765,3.981,3.665,3.523,3.55,3.882,3.844,3.841,3.853,3.842
18-Jul-11,3.818,4.028,3.642,3.527,3.637,3.89,3.873,3.886,3.877,3.847
25-Jul-11,3.829,3.991,3.688,3.53,3.66,3.91,3.912,3.914,3.885,3.859
1-Aug-11,3.827,4.013,3.706,3.533,3.652,3.892,3.917,3.934,3.888,3.866
8-Aug-11,3.815,3.967,3.616,3.517,3.608,3.872,3.876,3.902,3.877,3.858
15-Aug-11,3.771,3.889,3.624,3.468,3.534,3.792,3.839,3.844,3.816,3.831
22-Aug-11,3.742,3.855,3.59,3.455,3.501,3.818,3.816,3.794,3.803,3.821
29-Aug-11,3.713,3.963,3.709,3.491,3.481,3.89,3.834,3.793,3.911,3.845
5-Sep-11,3.732,4.027,3.74,3.554,3.499,4.018,3.84,3.818,4.011,3.922
12-Sep-11,3.73,3.963,3.699,3.578,3.473,4.023,3.822,3.819,4.007,3.936
19-Sep-11,3.676,3.871,3.507,3.563,3.441,4.006,3.77,3.78,3.986,3.937
26-Sep-11,3.609,3.752,3.353,3.516,3.328,3.964,3.683,3.713,3.94,3.914
3-Oct-11,3.552,3.615,3.248,3.476,3.262,3.904,3.603,3.638,3.894,3.875
10-Oct-11,3.492,3.562,3.3,3.473,3.234,3.895,3.577,3.595,3.885,3.83
17-Oct-11,3.53,3.554,3.43,3.528,3.308,3.962,3.666,3.618,3.905,3.863
24-Oct-11,3.516,3.512,3.321,3.532,3.306,3.944,3.646,3.615,3.913,3.874
31-Oct-11,3.494,3.591,3.432,3.504,3.287,3.942,3.636,3.596,3.911,3.862
7-Nov-11,3.478,3.547,3.369,3.486,3.254,3.964,3.61,3.572,3.898,3.836
14-Nov-11,3.479,3.639,3.403,3.456,3.26,3.947,3.597,3.574,3.87,3.823
21-Nov-11,3.447,3.558,3.265,3.401,3.181,3.867,3.57,3.542,3.815,3.784
28-Nov-11,3.421,3.495,3.237,3.352,3.164,3.805,3.537,3.505,3.752,3.717
5-Dec-11,3.388,3.445,3.277,3.301,3.147,3.753,3.518,3.459,3.697,3.661
12-Dec-11,3.347,3.432,3.329,3.241,3.133,3.693,3.505,3.451,3.636,3.629
19-Dec-11,3.319,3.346,3.213,3.155,3.098,3.647,3.462,3.424,3.587,3.538
26-Dec-11,3.316,3.431,3.375,3.098,3.132,3.685,3.472,3.417,3.611,3.53
2-Jan-12,3.355,3.533,3.427,3.081,3.129,3.759,3.5,3.45,3.664,3.531
9-Jan-12,3.448,3.655,3.465,3.06,3.254,3.827,3.574,3.54,3.733,3.555
16-Jan-12,3.459,3.706,3.498,3.045,3.275,3.82,3.614,3.564,3.725,3.568
23-Jan-12,3.479,3.576,3.393,3.025,3.313,3.84,3.653,3.601,3.746,3.569
30-Jan-12,3.546,3.538,3.456,3.013,3.421,3.877,3.741,3.661,3.778,3.588
6-Feb-12,3.569,3.612,3.516,3.085,3.462,3.895,3.743,3.688,3.786,3.601
13-Feb-12,3.608,3.567,3.418,3.1,3.503,3.967,3.811,3.729,3.86,3.64
20-Feb-12,3.663,3.568,3.54,3.124,3.55,4.168,3.825,3.774,4.1,3.775
27-Feb-12,3.739,3.83,3.741,3.18,3.619,4.399,3.935,3.843,4.356,4.023
5-Mar-12,3.788,4.053,3.803,3.282,3.647,4.455,3.954,3.878,4.399,4.09
12-Mar-12,3.785,4.173,3.934,3.486,3.779,4.49,3.979,3.887,4.403,4.092
19-Mar-12,3.8,4.326,3.88,3.658,3.845,4.495,4.021,3.899,4.385,4.112
26-Mar-12,3.819,4.515,3.961,3.745,3.891,4.478,4.075,3.94,4.382,4.179
2-Apr-12,3.86,4.457,3.902,3.856,3.934,4.433,4.116,3.984,4.362,4.215
9-Apr-12,3.934,4.329,3.833,3.896,3.919,4.399,4.119,4.043,4.304,4.217
16-Apr-12,3.959,4.231,3.833,3.935,3.918,4.34,4.112,4.035,4.266,4.204
23-Apr-12,3.937,4.257,3.743,3.932,3.888,4.302,4.052,4.025,4.239,4.182
30-Apr-12,3.916,4.189,3.786,3.911,3.835,4.284,3.995,3.982,4.221,4.138
7-May-12,3.867,4.222,3.793,3.872,3.764,4.311,3.909,3.941,4.262,4.139
14-May-12,3.816,4.108,3.697,3.838,3.713,4.489,3.839,3.903,4.433,4.268
21-May-12,3.768,4.039,3.723,3.803,3.636,4.433,3.779,3.854,4.395,4.322
28-May-12,3.723,4.02,3.705,3.766,3.567,4.394,3.725,3.801,4.373,4.365
4-Jun-12,3.671,3.939,3.62,3.746,3.513,4.334,3.698,3.756,4.318,4.374
11-Jun-12,3.606,3.976,3.654,3.736,3.407,4.228,3.635,3.679,4.232,4.259
18-Jun-12,3.549,3.871,3.748,3.74,3.358,4.078,3.614,3.61,4.098,4.06
25-Jun-12,3.496,3.704,3.485,3.698,3.273,3.939,3.523,3.566,3.938,3.848
2-Jul-12,3.463,3.596,3.322,3.648,3.232,3.816,3.449,3.541,3.842,3.69
9-Jul-12,3.495,3.771,3.589,3.629,3.245,3.792,3.509,3.59,3.773,3.652
16-Jul-12,3.559,3.763,3.428,3.59,3.301,3.85,3.573,3.645,3.78,3.623
23-Jul-12,3.641,3.75,3.466,3.571,3.392,3.941,3.704,3.73,3.842,3.711
30-Jul-12,3.636,3.866,3.531,3.521,3.404,3.919,3.713,3.734,3.862,3.706
6-Aug-12,3.718,4.228,3.915,3.501,3.49,3.985,3.838,3.788,3.92,3.747
13-Aug-12,3.777,4.207,3.811,3.532,3.571,4.204,3.874,3.875,4.197,3.918
20-Aug-12,3.806,4.22,3.804,3.534,3.574,4.215,3.893,3.904,4.195,4.035
27-Aug-12,3.811,4.143,3.733,3.539,3.608,4.244,4,3.924,4.218,4.081
3-Sep-12,3.842,4.3,3.903,3.577,3.697,4.244,4.066,3.959,4.247,4.102
10-Sep-12,3.926,4.236,3.833,3.652,3.692,4.248,4.053,3.985,4.245,4.112
17-Sep-12,3.98,4.284,3.866,3.759,3.709,4.216,4.058,4.078,4.216,4.082
24-Sep-12,3.959,4.173,3.766,3.782,3.66,4.209,4.01,4.032,4.243,4.077
1-Oct-12,3.973,4.068,3.756,3.783,3.611,4.26,3.966,4.028,4.265,4.089
8-Oct-12,3.969,4.059,3.817,3.752,3.576,4.783,3.95,4.052,4.726,4.152
15-Oct-12,3.938,3.925,3.674,3.729,3.57,4.737,3.942,4.017,4.662,4.152
22-Oct-12,3.856,3.728,3.454,3.668,3.494,4.522,3.87,3.92,4.49,4.024
29-Oct-12,3.766,3.641,3.48,3.589,3.388,4.254,3.768,3.799,4.245,3.863
5-Nov-12,3.745,3.585,3.421,3.521,3.313,4.072,3.714,3.798,4.064,3.737
12-Nov-12,3.697,3.623,3.494,3.449,3.243,3.919,3.639,3.802,3.948,3.662
19-Nov-12,3.659,3.613,3.514,3.437,3.21,3.873,3.62,3.832,3.863,3.569
26-Nov-12,3.647,3.635,3.578,3.422,3.212,3.834,3.64,3.812,3.824,3.519
3-Dec-12,3.606,3.559,3.461,3.354,3.204,3.799,3.614,3.755,3.754,3.498
10-Dec-12,3.561,3.541,3.421,3.287,3.176,3.739,3.607,3.704,3.678,3.461
17-Dec-12,3.491,3.387,3.254,3.216,3.092,3.638,3.509,3.639,3.595,3.415
24-Dec-12,3.469,3.375,3.29,3.112,3.12,3.635,3.586,3.622,3.557,3.43
31-Dec-12,3.48,3.448,3.364,3.036,3.162,3.66,3.62,3.643,3.633,3.456
7-Jan-13,3.504,3.37,3.266,2.959,3.256,3.704,3.651,3.652,3.663,3.489
14-Jan-13,3.505,3.41,3.302,2.887,3.258,3.744,3.659,3.65,3.662,3.481
21-Jan-13,3.485,3.48,3.344,2.861,3.239,3.793,3.642,3.618,3.655,3.454
28-Jan-13,3.523,3.539,3.435,2.981,3.238,3.824,3.666,3.646,3.699,3.473
4-Feb-13,3.667,3.843,3.585,3.233,3.419,4.085,3.786,3.786,3.913,3.615
11-Feb-13,3.728,3.93,3.653,3.384,3.461,4.239,3.852,3.846,4.02,3.693
18-Feb-13,3.794,4.061,3.861,3.559,3.625,4.364,4.068,3.881,4.13,3.763
25-Feb-13,3.815,4.017,3.785,3.615,3.695,4.393,4.097,3.908,4.247,3.847
4-Mar-13,3.795,3.991,3.775,3.612,3.642,4.381,4.054,3.878,4.249,3.904
11-Mar-13,3.77,3.889,3.7,3.592,3.593,4.334,4.02,3.851,4.219,3.926
18-Mar-13,3.742,3.938,3.748,3.594,3.615,4.276,3.98,3.822,4.165,3.9
25-Mar-13,3.716,4.014,3.767,3.59,3.593,4.222,3.929,3.803,4.097,3.85
1-Apr-13,3.688,4.052,3.655,3.619,3.589,4.184,3.902,3.786,4.106,3.815
8-Apr-13,3.652,3.926,3.577,3.63,3.539,4.155,3.819,3.743,4.09,3.804
15-Apr-13,3.61,3.823,3.477,3.596,3.487,4.086,3.779,3.693,4.052,3.771
22-Apr-13,3.55,4.038,3.706,3.564,3.455,4.001,3.72,3.637,4.033,3.716
29-Apr-13,3.518,4.135,3.649,3.58,3.431,3.965,3.706,3.618,4.006,3.679
6-May-13,3.518,4.185,3.756,3.612,3.417,3.99,3.696,3.63,3.985,3.761
13-May-13,3.545,4.235,3.667,3.708,3.462,4.139,3.711,3.669,4.116,4.033
20-May-13,3.571,4.262,3.909,3.879,3.453,4.133,3.714,3.689,4.125,4.088
27-May-13,3.588,4.147,3.777,3.858,3.437,4.094,3.714,3.71,4.09,4.051
3-Jun-13,3.58,4.294,3.909,3.819,3.415,4.044,3.702,3.697,4.061,3.981
10-Jun-13,3.591,4.421,3.993,3.805,3.412,4.054,3.748,3.698,4.032,3.908
17-Jun-13,3.594,4.312,3.8,3.748,3.428,4.088,3.783,3.687,4.066,3.871
24-Jun-13,3.599,4.085,3.52,3.69,3.428,4.206,3.771,3.696,4.111,3.882
1-Jul-13,3.57,3.912,3.326,3.637,3.387,4.124,3.704,3.681,4.048,3.852
8-Jul-13,3.564,3.826,3.439,3.6,3.373,4.103,3.68,3.679,4.035,3.857
15-Jul-13,3.719,4.091,3.729,3.595,3.507,4.154,3.829,3.806,4.06,3.963
22-Jul-13,3.803,4.15,3.641,3.582,3.587,4.167,3.865,3.85,4.068,4.003
29-Jul-13,3.797,4.03,3.518,3.581,3.577,4.12,3.849,3.894,4.018,3.989
5-Aug-13,3.778,3.974,3.656,3.572,3.544,4.058,3.835,3.868,4.002,3.958
12-Aug-13,3.763,3.834,3.485,3.586,3.5,3.992,3.775,3.82,3.958,3.9
19-Aug-13,3.74,3.76,3.548,3.562,3.472,3.903,3.762,3.792,3.914,3.865
26-Aug-13,3.731,3.796,3.578,3.543,3.464,3.894,3.784,3.771,3.875,3.812
2-Sep-13,3.75,3.879,3.682,3.593,3.459,3.928,3.811,3.802,3.887,3.786
9-Sep-13,3.745,3.834,3.579,3.601,3.439,4.016,3.79,3.808,3.954,3.778
16-Sep-13,3.703,3.777,3.48,3.588,3.371,4.124,3.755,3.77,4.098,3.798
23-Sep-13,3.662,3.721,3.554,3.565,3.294,4.075,3.691,3.685,4.079,3.801
30-Sep-13,3.615,3.632,3.409,3.509,3.242,4.008,3.653,3.628,4.015,3.741
7-Oct-13,3.575,3.557,3.297,3.456,3.175,3.917,3.591,3.573,3.971,3.712
14-Oct-13,3.523,3.568,3.371,3.417,3.156,3.848,3.593,3.531,3.936,3.652
21-Oct-13,3.481,3.561,3.416,3.38,3.159,3.808,3.586,3.511,3.901,3.588
28-Oct-13,3.447,3.482,3.274,3.322,3.117,3.781,3.527,3.492,3.852,3.525
4-Nov-13,3.422,3.458,3.304,3.271,3.075,3.729,3.51,3.476,3.778,3.459
11-Nov-13,3.381,3.32,3.19,3.224,3.047,3.66,3.467,3.433,3.708,3.393
18-Nov-13,3.373,3.396,3.222,3.197,3.049,3.625,3.513,3.464,3.653,3.349
25-Nov-13,3.44,3.464,3.288,3.171,3.207,3.634,3.657,3.542,3.626,3.355
2-Dec-13,3.469,3.385,3.225,3.142,3.201,3.682,3.673,3.57,3.633,3.381
9-Dec-13,3.488,3.341,3.318,3.091,3.171,3.699,3.652,3.581,3.635,3.398
16-Dec-13,3.509,3.381,3.239,3.058,3.141,3.692,3.631,3.595,3.629,3.402
23-Dec-13,3.527,3.464,3.345,3.093,3.18,3.715,3.646,3.609,3.654,3.411
30-Dec-13,3.549,3.515,3.45,3.162,3.225,3.741,3.679,3.645,3.708,3.441
6-Jan-14,3.561,3.539,3.399,3.194,3.214,3.77,3.658,3.641,3.72,3.478
13-Jan-14,3.533,3.521,3.454,3.21,3.19,3.723,3.637,3.602,3.707,3.454
20-Jan-14,3.496,3.519,3.356,3.213,3.177,3.678,3.632,3.556,3.673,3.431
27-Jan-14,3.468,3.516,3.38,3.207,3.169,3.663,3.621,3.54,3.671,3.414
3-Feb-14,3.444,3.484,3.378,3.196,3.155,3.681,3.612,3.53,3.675,3.405
10-Feb-14,3.448,3.581,3.476,3.232,3.165,3.765,3.603,3.527,3.682,3.396
17-Feb-14,3.476,3.649,3.502,3.391,3.212,3.836,3.653,3.614,3.745,3.427
24-Feb-14,3.531,3.726,3.608,3.505,3.224,3.935,3.671,3.636,3.824,3.457
3-Mar-14,3.554,3.873,3.652,3.59,3.245,3.994,3.677,3.654,3.908,3.516
10-Mar-14,3.574,3.885,3.673,3.649,3.287,4.03,3.702,3.695,3.965,3.61
17-Mar-14,3.592,3.941,3.758,3.648,3.408,4.098,3.754,3.696,4.017,3.684
24-Mar-14,3.586,3.9,3.604,3.648,3.437,4.105,3.803,3.686,4.024,3.707
31-Mar-14,3.59,3.955,3.636,3.635,3.454,4.108,3.876,3.675,4.052,3.757
7-Apr-14,3.593,4.011,3.69,3.616,3.473,4.154,3.919,3.686,4.086,3.792
14-Apr-14,3.626,4.139,3.76,3.592,3.534,4.332,3.987,3.691,4.186,3.838
21-Apr-14,3.67,4.081,3.779,3.569,3.543,4.353,3.969,3.765,4.228,3.903
28-Apr-14,3.745,4.097,3.817,3.554,3.559,4.379,3.941,3.856,4.314,3.936
5-May-14,3.741,4.033,3.718,3.536,3.545,4.334,3.912,3.84,4.309,3.949
12-May-14,3.728,3.934,3.769,3.508,3.53,4.269,3.889,3.823,4.241,3.945
19-May-14,3.723,3.943,3.769,3.496,3.512,4.253,3.872,3.807,4.249,3.944
26-May-14,3.719,3.985,3.89,3.496,3.516,4.228,3.856,3.812,4.228,3.953
2-Jun-14,3.712,4.125,3.991,3.502,3.507,4.223,3.841,3.816,4.217,3.98
9-Jun-14,3.715,4.082,3.875,3.507,3.497,4.194,3.819,3.822,4.204,3.981
16-Jun-14,3.736,4.161,3.924,3.538,3.505,4.197,3.815,3.833,4.196,4.006
23-Jun-14,3.758,4.068,3.775,3.617,3.556,4.2,3.847,3.868,4.182,4.05
30-Jun-14,3.766,4.016,3.654,3.653,3.553,4.24,3.839,3.883,4.21,4.068
7-Jul-14,3.776,3.94,3.594,3.656,3.537,4.235,3.824,3.875,4.203,4.067
14-Jul-14,3.753,3.842,3.491,3.651,3.514,4.166,3.777,3.841,4.156,4.039
21-Jul-14,3.717,3.766,3.561,3.648,3.442,4.092,3.756,3.799,4.11,4.009
28-Jul-14,3.696,3.669,3.43,3.645,3.447,4.051,3.692,3.744,4.075,3.986
4-Aug-14,3.646,3.708,3.516,3.652,3.414,3.987,3.679,3.711,4.053,3.97
11-Aug-14,3.61,3.677,3.59,3.681,3.37,3.962,3.652,3.674,4.011,3.954
18-Aug-14,3.585,3.748,3.458,3.698,3.36,3.934,3.642,3.621,3.991,3.95
25-Aug-14,3.542,3.673,3.474,3.697,3.355,3.903,3.637,3.587,3.98,3.937
1-Sep-14,3.551,3.759,3.609,3.681,3.336,3.858,3.637,3.571,3.96,3.927
8-Sep-14,3.552,3.835,3.52,3.669,3.317,3.843,3.633,3.577,3.912,3.912
15-Sep-14,3.543,3.752,3.4,3.643,3.263,3.818,3.596,3.546,3.88,3.886
22-Sep-14,3.508,3.657,3.299,3.594,3.213,3.757,3.555,3.484,3.848,3.812
29-Sep-14,3.482,3.671,3.365,3.534,3.221,3.74,3.545,3.458,3.81,3.771
6-Oct-14,3.442,3.583,3.269,3.47,3.165,3.736,3.534,3.453,3.773,3.701
13-Oct-14,3.398,3.497,3.171,3.35,3.106,3.67,3.433,3.396,3.694,3.592
20-Oct-14,3.291,3.357,3.152,3.235,3.055,3.565,3.348,3.321,3.593,3.45
27-Oct-14,3.223,3.311,3.037,3.16,2.988,3.463,3.282,3.242,3.485,3.297
3-Nov-14,3.14,3.208,3.037,3.097,2.924,3.37,3.236,3.209,3.421,3.207
10-Nov-14,3.069,3.194,2.944,3.058,2.845,3.276,3.2,3.155,3.338,3.164
17-Nov-14,3.031,3.176,2.946,3.013,2.809,3.236,3.163,3.126,3.256,3.147
24-Nov-14,2.979,3.076,2.855,2.941,2.762,3.149,3.109,3.078,3.191,3.141
1-Dec-14,2.962,3.014,2.864,2.855,2.652,3.128,3.058,3.054,3.175,3.118
8-Dec-14,2.886,2.875,2.7,2.756,2.586,3.061,2.984,2.97,3.079,3.046
15-Dec-14,2.791,2.739,2.507,2.575,2.487,2.976,2.881,2.858,2.985,2.926
22-Dec-14,2.67,2.556,2.315,2.408,2.362,2.821,2.775,2.754,2.875,2.802
29-Dec-14,2.582,2.396,2.154,2.262,2.273,2.756,2.669,2.674,2.806,2.697
5-Jan-15,2.482,2.264,2.018,2.127,2.131,2.783,2.583,2.569,2.799,2.595
12-Jan-15,2.393,2.226,2.065,2.004,2.018,2.677,2.493,2.436,2.698,2.503
19-Jan-15,2.251,2.184,2.066,1.929,1.954,2.542,2.448,2.329,2.624,2.409
26-Jan-15,2.195,2.195,2.023,1.93,1.933,2.505,2.402,2.259,2.59,2.314
2-Feb-15,2.178,2.345,2.13,1.928,1.949,2.508,2.418,2.248,2.589,2.278
9-Feb-15,2.221,2.458,2.329,2.067,2.062,2.727,2.513,2.327,2.732,2.363
16-Feb-15,2.278,2.538,2.341,2.121,2.118,2.918,2.572,2.378,2.834,2.461
23-Feb-15,2.322,2.506,2.406,2.219,2.153,3.13,2.631,2.421,2.952,2.569
2-Mar-15,2.42,2.616,2.493,2.247,2.252,3.58,2.715,2.505,3.457,2.913
9-Mar-15,2.482,2.558,2.386,2.279,2.27,3.565,2.722,2.558,3.49,3.033
16-Mar-15,2.466,2.49,2.305,2.277,2.302,3.485,2.728,2.545,3.412,2.983
23-Mar-15,2.406,2.902,2.449,2.262,2.283,3.358,2.725,2.497,3.331,2.906
30-Mar-15,2.38,2.929,2.465,2.272,2.315,3.298,2.757,2.482,3.283,2.844
6-Apr-15,2.373,2.799,2.33,2.268,2.302,3.241,2.739,2.472,3.231,2.822
13-Apr-15,2.361,2.71,2.408,2.302,2.296,3.202,2.734,2.479,3.202,2.805
20-Apr-15,2.51,2.781,2.483,2.389,2.335,3.272,2.822,2.604,3.248,2.818
27-Apr-15,2.588,2.869,2.581,2.447,2.358,3.605,2.868,2.677,3.489,2.907
4-May-15,2.664,2.968,2.523,2.529,2.455,3.864,2.871,2.753,3.783,3.039
11-May-15,2.681,2.902,2.558,2.604,2.472,3.901,2.886,2.79,3.75,3.097
18-May-15,2.696,2.987,2.685,2.631,2.508,4.035,2.922,2.794,3.771,3.112
25-May-15,2.741,3.135,2.787,2.648,2.507,3.978,2.953,2.821,3.734,3.126
1-Jun-15,2.738,3.268,2.882,2.656,2.513,3.899,2.949,2.825,3.676,3.12
8-Jun-15,2.769,3.177,2.796,2.674,2.588,3.767,2.96,2.832,3.619,3.114
15-Jun-15,2.813,3.295,2.925,2.696,2.626,3.666,3.011,2.894,3.573,3.141
22-Jun-15,2.835,3.198,2.824,2.721,2.602,3.626,3.012,2.86,3.546,3.218
29-Jun-15,2.828,3.103,2.882,2.717,2.589,3.61,2.997,2.907,3.521,3.242
6-Jul-15,2.817,3.181,2.763,2.737,2.604,3.58,3.001,2.913,3.521,3.229
13-Jul-15,2.814,3.166,2.838,2.774,2.608,4.352,2.999,2.905,3.605,3.23
20-Jul-15,2.787,3.033,2.678,2.834,2.585,4.318,2.971,2.861,3.615,3.226
27-Jul-15,2.765,2.907,2.437,2.866,2.557,4.185,2.941,2.825,3.607,3.225
3-Aug-15,2.712,2.779,2.383,2.868,2.538,4.044,2.881,2.781,3.571,3.215
10-Aug-15,2.667,2.783,2.48,2.848,2.487,3.806,2.852,2.737,3.478,3.169
17-Aug-15,2.621,3.476,2.923,2.955,2.468,3.864,2.815,2.696,3.485,3.131
24-Aug-15,2.551,3.35,2.671,2.921,2.409,3.749,2.748,2.635,3.383,3.091
31-Aug-15,2.463,3.06,2.419,2.864,2.33,3.6,2.69,2.535,3.293,3.01
7-Sep-15,2.438,2.894,2.227,2.787,2.28,3.498,2.656,2.488,3.232,2.939
14-Sep-15,2.401,2.751,2.294,2.711,2.231,3.35,2.629,2.434,3.14,2.847
21-Sep-15,2.362,2.745,2.368,2.617,2.158,3.257,2.577,2.388,3.06,2.756
28-Sep-15,2.332,2.808,2.448,2.525,2.106,3.163,2.587,2.349,3.028,2.688
5-Oct-15,2.297,2.749,2.477,2.469,2.067,3.118,2.575,2.304,2.991,2.637
12-Oct-15,2.276,2.837,2.584,2.416,2.112,3.075,2.577,2.308,2.966,2.598
19-Oct-15,2.236,2.7,2.416,2.352,2.071,2.996,2.549,2.302,2.936,2.552
26-Oct-15,2.229,2.556,2.271,2.286,2.025,2.97,2.508,2.267,2.91,2.505
2-Nov-15,2.216,2.544,2.416,2.199,1.992,2.965,2.51,2.247,2.881,2.47
9-Nov-15,2.228,2.472,2.345,2.136,2.036,2.966,2.553,2.306,2.892,2.553
16-Nov-15,2.218,2.348,2.165,2.076,2.018,2.909,2.521,2.292,2.867,2.563
23-Nov-15,2.21,2.161,2.018,2.022,1.965,2.839,2.5,2.269,2.805,2.531
30-Nov-15,2.215,2.125,1.962,1.996,1.931,2.809,2.491,2.263,2.79,2.515
7-Dec-15,2.202,2.142,2.042,1.964,1.888,2.819,2.493,2.255,2.734,2.494
14-Dec-15,2.162,2.251,2.049,1.937,1.888,2.801,2.487,2.213,2.717,2.484
21-Dec-15,2.156,2.186,1.969,1.978,1.857,2.934,2.477,2.194,2.768,2.501
28-Dec-15,2.131,2.22,2.042,1.957,1.846,3.101,2.418,2.175,2.793,2.537
4-Jan-16,2.106,2.185,2.028,1.95,1.857,3.16,2.413,2.147,2.806,2.541
11-Jan-16,2.082,2.164,1.989,1.936,1.823,3.113,2.357,2.123,2.791,2.509
18-Jan-16,2.034,2.019,1.815,1.886,1.758,2.95,2.284,2.056,2.701,2.451
25-Jan-16,2.011,1.904,1.715,1.847,1.731,2.859,2.263,2.027,2.649,2.383
1-Feb-16,1.984,1.798,1.783,1.785,1.703,2.776,2.239,1.997,2.587,2.266
8-Feb-16,1.943,1.689,1.628,1.732,1.649,2.683,2.156,1.963,2.537,2.185
15-Feb-16,1.905,1.723,1.67,1.645,1.603,2.55,2.141,1.896,2.488,2.148
22-Feb-16,1.883,1.852,1.816,1.638,1.577,2.418,2.125,1.884,2.447,2.1
29-Feb-16,1.874,1.976,1.874,1.754,1.639,2.619,2.134,1.859,2.452,2.107
7-Mar-16,1.878,2.074,1.958,1.891,1.664,2.625,2.182,1.872,2.505,2.184
14-Mar-16,1.97,2.276,2.061,1.992,1.863,2.794,2.287,1.965,2.645,2.254
21-Mar-16,1.997,2.169,2.041,2.03,1.913,2.855,2.349,1.996,2.721,2.322
28-Mar-16,2.103,2.259,2.024,2.04,1.976,2.931,2.396,2.09,2.847,2.359
4-Apr-16,2.112,2.329,2.088,2.035,1.971,2.893,2.402,2.119,2.856,2.371
11-Apr-16,2.124,2.234,2.151,2.014,1.947,2.855,2.384,2.144,2.836,2.34
18-Apr-16,2.205,2.368,2.223,2.158,1.991,2.876,2.435,2.236,2.879,2.362
25-Apr-16,2.247,2.495,2.3,2.166,1.991,2.886,2.425,2.261,2.889,2.38
2-May-16,2.305,2.558,2.428,2.198,2.059,2.928,2.531,2.324,2.908,2.447
